43507,Cắt tóc,100000,77792
43523,Cắt tóc,100000,23463
43515,Cắt tóc,100000,74510
43506,Cắt tóc,100000,43987
43520,Cắt tóc,100000,97598
43515,Cắt tóc,100000,25483
43516,Cắt tóc,100000,25937
43499,Cắt tóc,100000,41128
43499,Cắt tóc,100000,90499
43509,Cắt tóc,100000,99596
43515,Cắt tóc,100000,41139
43509,Cắt tóc,100000,26722
43507,Cắt tóc,100000,10223
43520,Gội đầu,50000,85677
43516,Gội đầu,50000,94473
43519,Gội đầu,50000,22814
43511,Gội đầu,50000,74823
43515,Gội đầu,50000,50018
43513,Gội đầu,50000,93410
43524,Gội đầu,50000,18959
43499,Gội đầu,50000,84871
43511,Gội đầu,50000,37784
43510,Gội đầu,50000,33579
43500,Gội đầu,50000,92738
43518,Gội đầu,50000,5521
43516,Gội đầu,50000,56800
43521,Gội đầu,50000,67295
43513,Gội đầu,50000,87868
43521,Gội đầu,50000,58159
43515,Gội đầu,50000,19504
43510,Gội đầu,50000,37273
43507,Gội đầu,50000,88524
43517,Gội đầu,50000,24483
43517,Gội đầu,50000,11353
43512,Gội đầu,50000,8331
43498,Gội đầu,50000,70223
43499,Gội đầu,50000,53464
43515,Gội đầu,50000,21055
43513,Gội đầu,50000,67108
43520,Gội đầu,50000,4791
43520,Gội đầu,50000,20597
43511,Gội đầu,50000,82080
43519,Gội đầu,50000,93734
43522,Gội đầu,50000,29865
43515,Gội đầu,50000,87815
43507,Gội đầu,50000,73342
43510,Gội đầu,50000,24011
43519,Gội đầu,50000,72704
43520,Gội đầu,50000,32455
43509,Gội đầu,50000,93442
43506,Gội đầu,50000,71944
43509,Gội đầu,50000,73554
43497,Gội đầu,50000,6793
43506,Gội đầu,50000,11253
43515,Gội đầu,50000,98853
43512,Gội đầu,50000,63918
43506,Gội đầu,50000,86803
43524,Gội đầu,50000,81749
43499,Gội đầu,50000,15875
43510,Gội đầu,50000,73521
43500,Gội đầu,50000,36820
43507,Gội đầu,50000,79206
43515,Gội đầu,50000,77680
43520,Gội đầu,50000,99536
43508,Gội đầu,50000,53726
43508,Gội đầu,50000,17920
43520,Gội đầu,50000,68917
43516,Gội đầu,50000,76959
43521,Gội đầu,50000,12978
43500,Gội đầu,50000,59394
43497,Gội đầu,50000,36357
43513,Gội đầu,50000,92991
43498,Gội đầu,50000,73879
43518,Gội đầu,50000,32420
43519,Gội đầu,50000,99259
43513,Gội đầu,50000,22664
43517,Gội đầu,50000,67012
43509,Gội đầu,50000,23851
43519,Gội đầu,50000,58946
43513,Gội đầu,50000,39204
43519,Gội đầu,50000,95118
43499,Gội đầu,50000,6479
43518,Gội đầu,50000,99198
43500,Gội đầu,50000,58142
43518,Gội đầu,50000,52993
43510,Gội đầu,50000,81680
43519,Gội đầu,50000,30597
43522,Gội đầu,50000,25917
43498,Gội đầu,50000,97940
43519,Gội đầu,50000,75526
43520,Gội đầu,50000,75373
43506,Gội đầu,50000,66216
43521,Gội đầu,50000,64760
43510,Gội đầu,50000,21338
43516,Gội đầu,50000,95332
43499,Gội đầu,50000,42402
43505,Gội đầu,50000,25815
43512,Gội đầu,50000,59133
43513,Gội đầu,50000,94095
43509,Gội đầu,50000,26871
43514,Gội đầu,50000,99793
43509,Gội đầu,50000,1006
43515,Gội đầu,50000,90303
43513,Gội đầu,50000,36927
43520,Gội đầu,50000,91229
43510,Gội đầu,50000,71838
43514,Gội đầu,50000,16475
43517,Gội đầu,50000,63446
43516,Gội đầu,50000,53988
43524,Gội đầu,50000,72820
43509,Gội đầu,50000,18152
43514,Gội đầu,50000,77431
43519,Gội đầu,50000,2471
43508,Gội đầu,50000,44895
43516,Gội đầu,50000,72074
43512,Gội đầu,50000,24774
43497,Gội đầu,50000,54922
43521,Gội đầu,50000,82788
43508,Gội đầu,50000,23717
43519,Gội đầu,50000,1593
43507,Gội đầu,50000,74400
43507,Gội đầu,50000,34713
43508,Gội đầu,50000,50030
43522,Gội đầu,50000,46235
43517,Gội đầu,50000,93739
43517,Gội đầu,50000,84711
43511,Gội đầu,50000,33851
43513,Gội đầu,50000,12999
43500,Gội đầu,50000,33995
43500,Gội đầu,50000,85710
43510,Gội đầu,50000,28585
43517,Gội đầu,50000,85966
43517,Gội đầu,50000,11078
43499,Gội đầu,50000,14037
43497,Gội đầu,50000,3324
43497,Gội đầu,50000,83267
43505,Gội đầu,50000,27647
43507,Gội đầu,50000,46990
43517,Gội đầu,50000,21759
43508,Gội đầu,50000,14776
43516,Gội đầu,50000,34821
43509,Gội đầu,50000,10359
43505,Gội đầu,50000,91278
43519,Gội đầu,50000,35814
43499,Gội đầu,50000,36027
43515,Gội đầu,50000,36657
43519,Gội đầu,50000,26782
43518,Gội đầu,50000,46845
43512,Gội đầu,50000,41755
43506,Gội đầu,50000,22959
43522,Gội đầu,50000,94554
43524,Gội đầu,50000,93347
43518,Gội đầu,50000,71561
43512,Gội đầu,50000,92202
43524,Gội đầu,50000,41976
43514,Gội đầu,50000,14072
43499,Gội đầu,50000,66802
43510,Gội đầu,50000,68852
43499,Gội đầu,50000,26742
43521,Gội đầu,50000,93595
43505,Gội đầu,50000,82593
43517,Gội đầu,50000,35343
43500,Gội đầu,50000,5591
43514,Gội đầu,50000,24297
43510,Gội đầu,50000,31071
43521,Gội đầu,50000,87573
43497,Gội đầu,50000,17247
43511,Gội đầu,50000,90503
43500,Gội đầu,50000,16329
43499,Gội đầu,50000,8
43512,Gội đầu,50000,56074
43498,Gội đầu,50000,93070
43507,Gội đầu,50000,27277
43523,Gội đầu,50000,67279
43500,Gội đầu,50000,2450
43524,Gội đầu,50000,98445
43510,Gội đầu,50000,99207
43505,Gội đầu,50000,63292
43505,Gội đầu,50000,16708
43511,Gội đầu,50000,33495
43513,Gội đầu,50000,43625
43505,Gội đầu,50000,60020
43497,Gội đầu,50000,63050
43518,Gội đầu,50000,97980
43513,Gội đầu,50000,82306
43524,Gội đầu,50000,95554
43517,Gội đầu,50000,88671
43515,Gội đầu,50000,31712
43513,Gội đầu,50000,62750
43510,Gội đầu,50000,51304
43498,Gội đầu,50000,63915
43515,Gội đầu,50000,23510
43522,Gội đầu,50000,31679
43514,Gội đầu,50000,53275
43512,Gội đầu,50000,42007
43497,Gội đầu,50000,58672
43500,Gội đầu,50000,11136
43520,Gội đầu,50000,82747
43498,Gội đầu,50000,77117
43512,Gội đầu,50000,86308
43507,Gội đầu,50000,92841
43524,Gội đầu,50000,88727
43513,Gội đầu,50000,2670
43512,Gội đầu,50000,63197
43522,Gội đầu,50000,80437
43499,Gội đầu,50000,32819
43524,Gội đầu,50000,9241
43500,Gội đầu,50000,55872
43524,Gội đầu,50000,8979
43513,Gội đầu,50000,15354
43511,Gội đầu,50000,59176
43498,Gội đầu,50000,38451
43524,Gội đầu,50000,5213
43505,Gội đầu,50000,14315
43524,Gội đầu,50000,47148
43518,Gội đầu,50000,86070
43506,Gội đầu,50000,85005
43507,Gội đầu,50000,6441
43508,Gội đầu,50000,45281
43500,Gội đầu,50000,483
43523,Gội đầu,50000,27855
43497,Gội đầu,50000,82239
43521,Gội đầu,50000,93958
43506,Gội đầu,50000,43000
43497,Gội đầu,50000,97061
43508,Gội đầu,50000,9249
43520,Gội đầu,50000,67777
43524,Gội đầu,50000,93987
43507,Gội đầu,50000,61791
43523,Gội đầu,50000,97531
43497,Gội đầu,50000,76141
43498,Gội đầu,50000,56496
43519,Gội đầu,50000,54464
43514,Gội đầu,50000,14557
43522,Gội đầu,50000,31632
43507,Gội đầu,50000,68583
43520,Gội đầu,50000,72153
43521,Gội đầu,50000,58823
43508,Gội đầu,50000,37927
43497,Gội đầu,50000,43006
43519,Gội đầu,50000,59473
43506,Gội đầu,50000,49701
43522,Gội đầu,50000,22983
43499,Gội đầu,50000,81634
43505,Gội đầu,50000,74712
43506,Gội đầu,50000,97678
43522,Gội đầu,50000,89162
43521,Gội đầu,50000,20427
43506,Gội đầu,50000,35831
43517,Gội đầu,50000,68296
43510,Gội đầu,50000,12979
43515,Gội đầu,50000,99350
43522,Gội đầu,50000,29846
43499,Gội đầu,50000,42619
43506,Gội đầu,50000,26073
43512,Gội đầu,50000,29932
43510,Gội đầu,50000,51035
43498,Gội đầu,50000,49311
43520,Gội đầu,50000,57004
43510,Gội đầu,50000,42595
43509,Gội đầu,50000,9912
43519,Gội đầu,50000,78208
43521,Gội đầu,50000,41756
43523,Gội đầu,50000,93217
43522,Gội đầu,50000,66176
43522,Gội đầu,50000,30651
43508,Gội đầu,50000,60879
43523,Gội đầu,50000,92590
43498,Gội đầu,50000,94628
43524,Gội đầu,50000,14862
43524,Gội đầu,50000,50312
43511,Gội đầu,50000,12537
43513,Gội đầu,50000,62280
43518,Gội đầu,50000,32321
43515,Gội đầu,50000,52038
43509,Gội đầu,50000,17739
43516,Gội đầu,50000,54763
43499,Gội đầu,50000,7335
43523,Gội đầu,50000,20947
43520,Gội đầu,50000,4390
43520,Gội đầu,50000,61670
43514,Gội đầu,50000,591
43508,Gội đầu,50000,99136
43524,Gội đầu,50000,4626
43511,Gội đầu,50000,93053
43515,Gội đầu,50000,72374
43524,Gội đầu,50000,45956
43499,Gội đầu,50000,4222
43513,Gội đầu,50000,1597
43517,Gội đầu,50000,81577
43513,Gội đầu,50000,9880
43523,Gội đầu,50000,21132
43518,Gội đầu,50000,26923
43497,Gội đầu,50000,40002
43499,Gội đầu,50000,27435
43519,Gội đầu,50000,12662
43522,Gội đầu,50000,25555
43521,Gội đầu,50000,174
43514,Gội đầu,50000,24843
43524,Gội đầu,50000,54065
43506,Gội đầu,50000,43988
43516,Gội đầu,50000,41813
43509,Gội đầu,50000,79563
43515,Gội đầu,50000,77419
43516,Gội đầu,50000,47893
43505,Gội đầu,50000,73505
43510,Gội đầu,50000,6320
43508,Gội đầu,50000,53851
43512,Gội đầu,50000,31601
43519,Gội đầu,50000,67183
43518,Gội đầu,50000,71476
43519,Gội đầu,50000,19429
43512,Gội đầu,50000,86199
43498,Gội đầu,50000,74182
43500,Gội đầu,50000,46575
43522,Gội đầu,50000,70095
43514,Gội đầu,50000,59228
43513,Gội đầu,50000,92396
43498,Gội đầu,50000,48677
43515,Gội đầu,50000,36710
43524,Gội đầu,50000,59347
43507,Gội đầu,50000,62648
43523,Gội đầu,50000,90932
43514,Gội đầu,50000,63890
43518,Gội đầu,50000,42970
43514,Gội đầu,50000,48665
43509,Gội đầu,50000,91120
43516,Gội đầu,50000,52588
43510,Gội đầu,50000,50648
43505,Gội đầu,50000,20836
43521,Gội đầu,50000,68283
43516,Gội đầu,50000,28322
43517,Gội đầu,50000,32403
43521,Gội đầu,50000,95406
43524,Gội đầu,50000,74014
43524,Gội đầu,50000,7046
43500,Gội đầu,50000,98716
43514,Gội đầu,50000,69488
43519,Gội đầu,50000,63867
43517,Gội đầu,50000,75446
43515,Gội đầu,50000,67162
43497,Gội đầu,50000,440
43514,Gội đầu,50000,19038
43508,Gội đầu,50000,2378
43517,Gội đầu,50000,47551
43509,Gội đầu,50000,95604
43522,Gội đầu,50000,32821
43520,Gội đầu,50000,19214
43516,Gội đầu,50000,64285
43511,Gội đầu,50000,54907
43511,Nhuộm tóc,300000,32774
43524,Nhuộm tóc,300000,14249
43500,Nhuộm tóc,300000,50281
43500,Nhuộm tóc,300000,81217
43508,Nhuộm tóc,300000,46256
43506,Nhuộm tóc,300000,33455
43513,Nhuộm tóc,300000,40679
43508,Nhuộm tóc,300000,90891
43518,Nhuộm tóc,300000,72957
43519,Nhuộm tóc,300000,24302
43507,Nhuộm tóc,300000,10477
43510,Nhuộm tóc,300000,15808
43508,Nhuộm tóc,300000,28715
43512,Nhuộm tóc,300000,92375
43518,Nhuộm tóc,300000,89200
43518,Nhuộm tóc,300000,13060
43498,Nhuộm tóc,300000,31340
43497,Nhuộm tóc,300000,14367
43512,Nhuộm tóc,300000,58884
43497,Nhuộm tóc,300000,13380
43506,Nhuộm tóc,300000,58374
43513,Nhuộm tóc,300000,18921
43513,Nhuộm tóc,300000,21982
43514,Nhuộm tóc,300000,79105
43516,Nhuộm tóc,300000,77348
43521,Nhuộm tóc,300000,65447
43498,Nhuộm tóc,300000,29099
43524,Nhuộm tóc,300000,42551
43515,Nhuộm tóc,300000,29317
43516,Nhuộm tóc,300000,62846
43513,Nhuộm tóc,300000,98298
43516,Nhuộm tóc,300000,71280
43515,Nhuộm tóc,300000,56948
43520,Nhuộm tóc,300000,78784
43522,Nhuộm tóc,300000,17437
43520,Nhuộm tóc,300000,79627
43515,Nhuộm tóc,300000,790
43523,Nhuộm tóc,300000,50579
43511,Nhuộm tóc,300000,71858
43521,Nhuộm tóc,300000,97698
43521,Nhuộm tóc,300000,79907
43499,Nhuộm tóc,300000,11351
43506,Nhuộm tóc,300000,26013
43500,Nhuộm tóc,300000,8259
43506,Nhuộm tóc,300000,96920
43520,Nhuộm tóc,300000,52411
43522,Nhuộm tóc,300000,57128
43522,Nhuộm tóc,300000,39206
43507,Nhuộm tóc,300000,79894
43522,Nhuộm tóc,300000,58070
43520,Nhuộm tóc,300000,3736
43519,Nhuộm tóc,300000,79175
43506,Nhuộm tóc,300000,89686
43515,Nhuộm tóc,300000,69490
43517,Nhuộm tóc,300000,80813
43497,Bấm phồng chân tóc,120000,80701
43513,Bấm phồng chân tóc,120000,60469
43512,Bấm phồng chân tóc,120000,22107
43507,Bấm phồng chân tóc,120000,34905
43510,Bấm phồng chân tóc,120000,21882
43512,Bấm phồng chân tóc,120000,93963
43516,Bấm phồng chân tóc,120000,58692
43507,Dập phồng,300000,94671
43498,Dập phồng,300000,89159
43522,Dập phồng,300000,91454
43506,Dập phồng,300000,3532
43514,Dập phồng,300000,80915
43497,Dập phồng,300000,5492
43524,Dập phồng,300000,82326
43509,Dập phồng,300000,3046
43512,Dập phồng,300000,5959
43508,Dập phồng,300000,95337
43514,Dập phồng,300000,52686
43521,Dập phồng,300000,98835
43523,Dập phồng,300000,94716
43516,Dập phồng,300000,96842
43515,Dập phồng,300000,70907
43510,Dập phồng,300000,8953
43519,Dập phồng,300000,53795
43500,Dập phồng,300000,94633
43524,Dập phồng,300000,18479
43498,Dập phồng,300000,70472
43512,Dập phồng,300000,680
43520,Dập phồng,300000,70528
43515,Dập phồng,300000,45132
43508,Dập phồng,300000,7290
43514,Dập phồng,300000,66613
43515,Dập phồng,300000,75992
43497,Dập phồng,300000,27012
43520,Phục hồi tóc,160000,74257
43500,Phục hồi tóc,160000,9495
43518,Phục hồi tóc,160000,20092
43512,Phục hồi tóc,160000,8700
43521,Phục hồi tóc,160000,49775
43519,Phục hồi tóc,160000,57960
43497,Phục hồi tóc,160000,61012
43512,Phục hồi tóc,160000,17674
43513,Phục hồi tóc,160000,11390
43518,Phục hồi tóc,160000,57022
43500,Phục hồi tóc,160000,394
43521,Phục hồi tóc,160000,75925
43505,Phục hồi tóc,160000,67183
43512,Phục hồi tóc,160000,61955
43513,Phục hồi tóc,160000,65656
43508,Phục hồi tóc,160000,89984
43519,Phục hồi tóc,160000,52910
43516,Phục hồi tóc,160000,66771
43516,Phục hồi tóc,160000,89086
43515,Phục hồi tóc,160000,517
43514,Phục hồi tóc,160000,15239
43512,Phục hồi tóc,160000,82918
43510,Phục hồi tóc,160000,46878
43524,Phục hồi tóc,160000,14521
43523,Phục hồi tóc,160000,99785
43513,Phục hồi tóc,160000,81600
43515,Phục hồi tóc,160000,90003
43515,Phục hồi tóc,160000,98735
43515,Phục hồi tóc,160000,76423
43511,Phục hồi tóc,160000,78157
43521,Phục hồi tóc,160000,8425
43524,Phục hồi tóc,160000,85263
43522,Phục hồi tóc,160000,97395
43522,Phục hồi tóc,160000,82669
43505,Phục hồi tóc,160000,47307
43505,Phục hồi tóc,160000,10144
43513,Phục hồi tóc,160000,60187
43509,Phục hồi tóc,160000,98382
43522,Phục hồi tóc,160000,28341
43508,Uốn gợn sóng,450000,72768
43514,Uốn gợn sóng,450000,54763
43515,Uốn gợn sóng,450000,34115
43523,Uốn gợn sóng,450000,21149
43500,Uốn gợn sóng,450000,6712
43498,Uốn gợn sóng,450000,96167
43524,Uốn gợn sóng,450000,42451
43506,Uốn gợn sóng,450000,21160
43508,Uốn gợn sóng,450000,47507
43506,Uốn gợn sóng,450000,44727
43518,Uốn gợn sóng,450000,91307
43517,Uốn gợn sóng,450000,30182
43505,Uốn gợn sóng,450000,88938
43523,Uốn gợn sóng,450000,53827
43520,Uốn gợn sóng,450000,78467
43507,Uốn gợn sóng,450000,89938
43506,Uốn gợn sóng,450000,70077
43500,Uốn gợn sóng,450000,60134
43500,Uốn gợn sóng,450000,62744
43508,Uốn gợn sóng,450000,83154
43517,Uốn gợn sóng,450000,54872
43500,Uốn gợn sóng,450000,70003
43519,Uốn gợn sóng,450000,83714
43498,Uốn gợn sóng,450000,76152
43507,Uốn gợn sóng,450000,74196
43517,Uốn gợn sóng,450000,89721
43519,Uốn gợn sóng,450000,88635
43506,Uốn gợn sóng,450000,26357
43507,Uốn gợn sóng,450000,40505
43517,Uốn gợn sóng,450000,81277
43508,Uốn gợn sóng,450000,50540
43522,Uốn gợn sóng,450000,84928
43506,Uốn gợn sóng,450000,26513
43522,Uốn gợn sóng,450000,42556
43507,Uốn gợn sóng,450000,79200
43512,Uốn gợn sóng,450000,69729
43518,Uốn gợn sóng,450000,77083
43519,Uốn gợn sóng,450000,79966
43523,Uốn gợn sóng,450000,79207
43508,Uốn gợn sóng,450000,59117
43519,Uốn gợn sóng,450000,93285
43498,Uốn gợn sóng,450000,70193
43524,Uốn gợn sóng,450000,20549
43522,Uốn gợn sóng,450000,68892
43524,Uốn gợn sóng,450000,98794
43515,Uốn gợn sóng,450000,69361
43510,Uốn gợn sóng,450000,96182
43508,Uốn gợn sóng,450000,60952
43506,Uốn gợn sóng,450000,13423
43514,Uốn gợn sóng,450000,97738
43521,Uốn gợn sóng,450000,458
43514,Uốn gợn sóng,450000,44606
43508,Uốn gợn sóng,450000,56035
43521,Uốn gợn sóng,450000,39542
43497,Uốn gợn sóng,450000,48956
43508,Uốn lọng,520000,60858
43509,Uốn lọng,520000,51023
43510,Uốn lọng,520000,96500
43514,Uốn lọng,520000,21538
43515,Uốn lọng,520000,40019
43510,Uốn lọng,520000,21319
43518,Uốn lọng,520000,50309
43498,Uốn lọng,520000,33242
43515,Uốn lọng,520000,32421
43515,Uốn lọng,520000,30692
43519,Uốn lọng,520000,94172
43522,Uốn lọng,520000,84170
43519,Uốn lọng,520000,18060
43500,Uốn lọng,520000,61394
43507,Uốn lọng,520000,9752
43517,Uốn lọng,520000,63524
43497,Uốn lọng,520000,73335
43511,Uốn lọng,520000,73858
43510,Uốn lọng,520000,72102
43510,Uốn lọng,520000,66210
43518,Uốn lọng,520000,8488
43508,Uốn lọng,520000,6218
43513,Uốn lọng,520000,81457
43505,Uốn lọng,520000,13128
43510,Uốn lọng,520000,52624
43499,Uốn lọng,520000,96381
43518,Uốn lọng,520000,86368
43518,Uốn lọng,520000,79224
43509,Uốn lọng,520000,33532
43521,Uốn lọng,520000,1349
43510,Uốn lọng,520000,64392
43498,Uốn lọng,520000,31462
43506,Uốn lọng,520000,17313
43510,Uốn lọng,520000,67489
43498,Uốn lọng,520000,69504
43511,Uốn lọng,520000,93282
43509,Uốn lọng,520000,76954
43509,Uốn lọng,520000,35908
43509,Uốn lọng,520000,27015
43508,Uốn lọng,520000,32090
43518,Uốn lọng,520000,25531
43498,Dập tóc,350000,28528
43507,Dập tóc,350000,8823
43515,Dập tóc,350000,64092
43518,Dập tóc,350000,11705
43521,Dập tóc,350000,8164
43515,Dập tóc,350000,15393
43500,Dập tóc,350000,94564
43513,Dập tóc,350000,12002
43509,Dập tóc,350000,85160
43515,Dập tóc,350000,22418
43498,Dập tóc,350000,41851
43509,Dập tóc,350000,21856
43511,Dập tóc,350000,40160
43514,Dập tóc,350000,4703
43512,Dập tóc,350000,21078
43517,Dập tóc,350000,26357
43513,Dập tóc,350000,5591
43508,Dập tóc,350000,94051
43519,Dập tóc,350000,33293
43515,Dập tóc,350000,80714
43505,Dập tóc,350000,43106
43521,Dập tóc,350000,2669
43511,Dập tóc,350000,6570
43498,Dập tóc,350000,61884
43524,Dập tóc,350000,2026
43512,Dập tóc,350000,40104
43517,Dập tóc,350000,31096
43510,Dập tóc,350000,94546
43513,Dập tóc,350000,93166
43517,Dập tóc,350000,95663
43509,Dập tóc,350000,72056
43517,Dập tóc,350000,56743
43507,Gội đầu|cắt tóc|nhuộm,420000,98264
43514,Gội đầu|cắt tóc|nhuộm,420000,49653
43520,Gội đầu|cắt tóc|nhuộm,420000,38944
43506,Gội đầu|cắt tóc|nhuộm,420000,2903
43518,Gội đầu|cắt tóc|nhuộm,420000,7493
43497,Gội đầu|cắt tóc|nhuộm,420000,94112
43513,Gội đầu|cắt tóc|nhuộm,420000,88398
43517,Gội đầu|cắt tóc|nhuộm,420000,59759
43497,Gội đầu|cắt tóc|nhuộm,420000,34835
43508,Gội đầu|cắt tóc|nhuộm,420000,75451
43505,Gội đầu|cắt tóc|nhuộm,420000,50447
43511,Gội đầu|cắt tóc|nhuộm,420000,68963
43505,Gội đầu|cắt tóc|nhuộm,420000,39121
43508,Gội đầu|cắt tóc|nhuộm,420000,70437
43520,Gội đầu|cắt tóc|nhuộm,420000,30301
43521,Gội đầu|cắt tóc|nhuộm,420000,86451
43518,Gội đầu|cắt tóc|nhuộm,420000,57111
43514,Gội đầu|cắt tóc|nhuộm,420000,79471
43512,Gội đầu|cắt tóc|nhuộm,420000,56451
43513,Gội đầu|cắt tóc|nhuộm,420000,22293
43518,Gội đầu|cắt tóc|nhuộm,420000,72936
43515,Gội đầu|cắt tóc|nhuộm,420000,99389
43524,Gội đầu|cắt tóc|nhuộm,420000,94218
43517,Gội đầu|cắt tóc|nhuộm,420000,29989
43506,Gội đầu|cắt tóc|nhuộm,420000,75506
43499,Gội đầu|cắt tóc|nhuộm,420000,98661
43513,Gội đầu|cắt tóc|nhuộm,420000,17272
43500,Gội đầu|cắt tóc|nhuộm,420000,57290
43505,Gội đầu|cắt tóc|nhuộm,420000,54177
43521,Gội đầu|cắt tóc|nhuộm,420000,11052
43499,Gội đầu|cắt tóc|nhuộm,420000,41016
43517,Gội đầu|cắt tóc|nhuộm,420000,79785
43522,Gội đầu|cắt tóc|nhuộm,420000,74282
43508,Gội đầu|cắt tóc|nhuộm,420000,92239
43512,Gội đầu|cắt tóc|nhuộm,420000,41267
43511,Gội đầu|cắt tóc|nhuộm,420000,69377
43512,Gội đầu|cắt tóc|nhuộm,420000,13937
43518,Gội đầu|cắt tóc|nhuộm,420000,84051
43523,Gội đầu|cắt tóc|nhuộm,420000,8119
43516,Gội đầu|cắt tóc|nhuộm,420000,48266
43509,Gội đầu|cắt tóc|nhuộm,420000,90187
43521,Gội đầu|cắt tóc|nhuộm,420000,13042
43522,Gội đầu|cắt tóc|nhuộm,420000,68529
43515,Gội đầu|cắt tóc|nhuộm,420000,72042
43518,Gội đầu|cắt tóc|nhuộm,420000,29636
43524,Gội đầu|cắt tóc|nhuộm,420000,93535
43514,Gội đầu|cắt tóc|nhuộm,420000,90837
43519,Gội đầu|cắt tóc|nhuộm,420000,95959
43523,Gội đầu|cắt tóc|nhuộm,420000,35212
43506,Gội đầu|cắt tóc|nhuộm,420000,20752
43518,Gội đầu|cắt tóc|nhuộm|uốn gợn sóng,850000,85539
43510,Gội đầu|cắt tóc|nhuộm|uốn gợn sóng,850000,49190
43517,Gội đầu|cắt tóc|nhuộm|uốn gợn sóng,850000,53826
43516,Gội đầu|cắt tóc|nhuộm|uốn gợn sóng,850000,68367
43510,Gội đầu|cắt tóc|nhuộm|uốn gợn sóng,850000,55442
43514,Gội đầu|cắt tóc|nhuộm|uốn gợn sóng,850000,77188
43515,Gội đầu|cắt tóc|nhuộm|uốn gợn sóng,850000,393
43515,Gội đầu|cắt tóc|nhuộm|uốn gợn sóng,850000,86584
43512,Gội đầu|cắt tóc|nhuộm|uốn gợn sóng,850000,72043
43518,Gội đầu|cắt tóc|nhuộm|uốn gợn sóng,850000,20924
43497,Gội đầu|cắt tóc|nhuộm|uốn gợn sóng,850000,26322
43519,Gội đầu|cắt tóc|nhuộm|uốn gợn sóng,850000,42453
43516,Gội đầu|cắt tóc|nhuộm|uốn gợn sóng,850000,75118
43500,Gội đầu|cắt tóc|nhuộm|uốn gợn sóng,850000,9928
43513,Gội đầu|cắt tóc|nhuộm|uốn gợn sóng,850000,58369
43519,Gội đầu|cắt tóc|nhuộm|uốn gợn sóng,850000,93859
43512,Gội đầu|cắt tóc|nhuộm|uốn gợn sóng,850000,59388
43519,Gội đầu|cắt tóc|nhuộm|uốn gợn sóng,850000,52061
43510,Gội đầu|cắt tóc|nhuộm|uốn gợn sóng,850000,27109
43521,Gội đầu|cắt tóc|nhuộm|uốn gợn sóng,850000,77419
43520,Gội đầu|cắt tóc|nhuộm|uốn gợn sóng,850000,96138
43518,Gội đầu|cắt tóc|nhuộm|uốn gợn sóng,850000,44464
43515,Gội đầu|cắt tóc|nhuộm|uốn gợn sóng,850000,10452
43507,Gội đầu|cắt tóc|nhuộm|uốn gợn sóng,850000,96824
43512,Gội đầu|cắt tóc|nhuộm|uốn gợn sóng,850000,82101
43500,Tẩy tóc|nhuộm,220000,59175
43522,Tẩy tóc|nhuộm,220000,40362
43513,Tẩy tóc|nhuộm,220000,6776
43524,Tẩy tóc|nhuộm,220000,1002
43520,Tẩy tóc|nhuộm,220000,91601
43509,Tẩy tóc|nhuộm,220000,20505
43517,Tẩy tóc|nhuộm,220000,23415
43506,Tẩy tóc|nhuộm,220000,11046
43522,Tẩy tóc|nhuộm,220000,83421
43521,Tẩy tóc|nhuộm,220000,40345
43513,Tẩy tóc|nhuộm,220000,18231
43511,Tẩy tóc|nhuộm,220000,7689
43497,Tẩy tóc|nhuộm,220000,60616
43516,Tẩy tóc|nhuộm,220000,71166
43511,Tẩy tóc|nhuộm,220000,33206
43516,Tẩy tóc|nhuộm,220000,24673
43505,Tẩy tóc|nhuộm,220000,53011
43519,Vệ sinh móng|sơn thường,100000,38294
43509,Vệ sinh móng|sơn thường,100000,14969
43511,Vệ sinh móng|sơn thường,100000,17103
43521,Vệ sinh móng|sơn thường,100000,70720
43511,Vệ sinh móng|sơn thường,100000,65429
43499,Vệ sinh móng|sơn thường,100000,63657
43511,Vệ sinh móng|sơn thường,100000,72973
43510,Vệ sinh móng|sơn thường,100000,37579
43500,Vệ sinh móng|sơn thường,100000,22721
43497,Vệ sinh móng|sơn thường,100000,45880
43516,Vệ sinh móng|sơn thường,100000,36411
43518,Vệ sinh móng|sơn thường,100000,79894
43498,Vệ sinh móng|sơn thường,100000,12210
43519,Vệ sinh móng|sơn thường,100000,94337
43523,Vệ sinh móng|sơn thường,100000,30068
43518,Vệ sinh móng|sơn thường,100000,94089
43499,Vệ sinh móng|sơn thường,100000,13791
43520,Vệ sinh móng|sơn thường,100000,72794
43510,Vệ sinh móng|sơn thường,100000,62114
43521,Vệ sinh móng|sơn thường,100000,29695
43508,Vệ sinh móng|sơn thường,100000,35004
43519,Vệ sinh móng|sơn thường,100000,33798
43505,Vệ sinh móng|sơn thường,100000,19341
43515,Vệ sinh móng|sơn thường,100000,46102
43512,Vệ sinh móng|sơn thường,100000,70000
43506,Vệ sinh móng|sơn thường,100000,95313
43498,Vệ sinh móng|sơn thường,100000,91303
43500,Vệ sinh móng|sơn thường,100000,90617
43506,Vệ sinh móng|sơn thường,100000,59879
43516,Vệ sinh móng|sơn thường,100000,7100
43506,Vệ sinh móng|sơn thường,100000,9870
43499,Vệ sinh móng|sơn thường,100000,23515
43524,Vệ sinh móng|sơn thường,100000,43564
43505,Vệ sinh móng|sơn thường,100000,79562
43519,Vệ sinh móng|sơn thường,100000,36211
43500,Vệ sinh móng|sơn thường,100000,61445
43499,Vệ sinh móng|sơn thường,100000,61342
43517,Vệ sinh móng|sơn thường,100000,87661
43519,Vệ sinh móng|sơn thường,100000,85418
43513,Vệ sinh móng|sơn thường,100000,5839
43519,Vệ sinh móng|sơn thường,100000,95761
43512,Vệ sinh móng|sơn thường,100000,97204
43514,Vệ sinh móng|sơn thường,100000,75839
43515,Vệ sinh móng|sơn thường,100000,86912
43499,Vệ sinh móng|sơn thường,100000,83736
43513,Vệ sinh móng|sơn thường,100000,54455
43519,Vệ sinh móng|sơn thường,100000,24021
43523,Vệ sinh móng|sơn thường,100000,74210
43498,Vệ sinh móng|sơn thường,100000,86150
43498,Vệ sinh móng|sơn thường,100000,33065
43500,Vệ sinh móng|sơn thường,100000,47442
43500,Vệ sinh móng|sơn thường,100000,23310
43515,Vệ sinh móng|sơn thường,100000,49598
43506,Vệ sinh móng|sơn thường,100000,88661
43508,Vệ sinh móng|sơn thường,100000,39555
43521,Vệ sinh móng|sơn thường,100000,55185
43514,Vệ sinh móng|sơn thường,100000,49909
43512,Vệ sinh móng|sơn thường,100000,21435
43506,Vệ sinh móng|sơn thường,100000,66962
43509,Vệ sinh móng|sơn thường,100000,37685
43506,Vệ sinh móng|sơn thường,100000,2630
43520,Vệ sinh móng|sơn thường,100000,55720
43513,Vệ sinh móng|sơn thường,100000,96962
43517,Vệ sinh móng|sơn thường,100000,3596
43506,Vệ sinh móng|sơn thường,100000,48122
43505,Vệ sinh móng|sơn thường,100000,41933
43510,Vệ sinh móng|sơn thường,100000,84577
43500,Vệ sinh móng|sơn thường,100000,56466
43516,Vệ sinh móng|sơn thường,100000,77554
43523,Vệ sinh móng|sơn thường,100000,48020
43523,Vệ sinh móng|sơn thường,100000,96460
43507,Vệ sinh móng|sơn thường,100000,47161
43506,Vệ sinh móng|sơn thường,100000,92877
43515,Vệ sinh móng|sơn thường,100000,78342
43498,Vệ sinh móng|sơn thường,100000,33161
43509,Vệ sinh móng|sơn thường,100000,27732
43505,Vệ sinh móng|sơn thường,100000,61142
43505,Vệ sinh móng|sơn thường,100000,28054
43524,Vệ sinh móng|sơn thường,100000,38846
43507,Vệ sinh móng|sơn thường,100000,53016
43497,Vệ sinh móng|sơn thường,100000,77434
43506,Vệ sinh móng|sơn thường,100000,57498
43513,Vệ sinh móng|sơn thường,100000,71910
43512,Vệ sinh móng|sơn thường,100000,26260
43514,Vệ sinh móng|sơn thường,100000,38983
43521,Vệ sinh móng|sơn thường,100000,36370
43521,Vệ sinh móng|sơn thường,100000,57835
43499,Vệ sinh móng|sơn thường,100000,39997
43506,Vệ sinh móng|sơn thường,100000,72631
43510,Vệ sinh móng|sơn thường,100000,17436
43520,Vệ sinh móng|sơn thường,100000,11969
43510,Vệ sinh móng|sơn thường,100000,43290
43512,Vệ sinh móng|sơn thường,100000,6539
43512,Vệ sinh móng|sơn thường,100000,92256
43512,Vệ sinh móng|sơn thường,100000,88019
43517,Vệ sinh móng|sơn gel,350000,70697
43516,Vệ sinh móng|sơn gel,350000,8174
43513,Vệ sinh móng|sơn gel,350000,40879
43513,Vệ sinh móng|sơn gel,350000,12281
43514,Vệ sinh móng|sơn gel,350000,86482
43517,Vệ sinh móng|sơn gel,350000,70133
43505,Vệ sinh móng|sơn gel,350000,61781
43500,Vệ sinh móng|sơn gel,350000,48702
43519,Vệ sinh móng|sơn gel,350000,63822
43507,Vệ sinh móng|sơn gel,350000,78246
43513,Vệ sinh móng|sơn gel,350000,25763
43498,Vệ sinh móng|sơn gel,350000,65528
43509,Vệ sinh móng|sơn gel,350000,17013
43523,Vệ sinh móng|sơn gel,350000,79117
43500,Vệ sinh móng|sơn gel,350000,61100
43516,Vệ sinh móng|sơn gel,350000,15805
43509,Vệ sinh móng|sơn gel,350000,69615
43498,Vệ sinh móng|sơn gel,350000,45155
43512,Vệ sinh móng|sơn gel,350000,43979
43512,Vệ sinh móng|sơn gel,350000,37588
43498,Vệ sinh móng|sơn gel,350000,81074
43514,Vệ sinh móng|sơn gel,350000,63284
43506,Vệ sinh móng|sơn gel,350000,44287
43508,Vệ sinh móng|sơn gel,350000,9611
43506,Vệ sinh móng|sơn gel,350000,49585
43505,Vệ sinh móng|sơn gel,350000,24162
43522,Vệ sinh móng|sơn gel,350000,73509
43523,Vệ sinh móng|sơn gel,350000,19794
43523,Vệ sinh móng|sơn gel,350000,6943
43507,Vệ sinh móng|sơn gel,350000,39280
43523,Vệ sinh móng|sơn gel,350000,99373
43516,Vệ sinh móng|sơn gel,350000,41917
43505,Vệ sinh móng|sơn gel,350000,16641
43516,Vệ sinh móng|sơn gel,350000,44841
43507,Vệ sinh móng|sơn gel,350000,20449
43512,Vệ sinh móng|sơn gel,350000,94165
43512,Vệ sinh móng|sơn gel,350000,64303
43498,Vệ sinh móng|sơn gel,350000,47270
43519,Vệ sinh móng|sơn gel,350000,51540
43514,Vệ sinh móng|sơn gel,350000,21033
43499,Vệ sinh móng|sơn gel,350000,74751
43500,Vệ sinh móng|sơn gel,350000,34111
43514,Vệ sinh móng|sơn gel,350000,62062
43500,Vệ sinh móng|sơn gel,350000,95198
43520,Vệ sinh móng|sơn gel,350000,93762
43499,Vệ sinh móng|sơn gel,350000,64121
43522,Vệ sinh móng|sơn gel,350000,65235
43520,Vệ sinh móng|sơn gel,350000,66702
43521,Vệ sinh móng|sơn gel,350000,97588
43499,Vệ sinh móng|sơn gel,350000,85429
43509,Vệ sinh móng|sơn gel,350000,60274
43519,Vệ sinh móng|sơn gel,350000,59127
43509,Vệ sinh móng|sơn gel,350000,18437
43508,Vệ sinh móng|sơn gel,350000,63944
43497,Vệ sinh móng|sơn gel,350000,20072
43518,Vệ sinh móng|sơn gel,350000,31048
43519,Vệ sinh móng|sơn gel,350000,17622
43516,Vệ sinh móng|sơn gel,350000,24253
43514,Vệ sinh móng|sơn gel,350000,97016
43506,Vệ sinh móng|sơn gel,350000,29243
43509,Vệ sinh móng|sơn gel,350000,57066
43507,Vệ sinh móng|sơn gel,350000,18499
43508,Vệ sinh móng|sơn gel,350000,78798
43507,Vệ sinh móng|sơn gel,350000,26355
43510,Vệ sinh móng|sơn gel,350000,67317
43519,Vệ sinh móng|sơn gel,350000,98688
43513,Vệ sinh móng|sơn gel,350000,64051
43521,Vệ sinh móng|sơn gel,350000,5535
43500,Vệ sinh móng|sơn gel,350000,45303
43498,Vệ sinh móng|sơn gel,350000,90435
43513,Vệ sinh móng|sơn gel,350000,1210
43511,Vệ sinh móng|sơn gel,350000,94419
43506,Vệ sinh móng|sơn gel,350000,56643
43498,Vệ sinh móng|sơn gel,350000,24754
43506,Vệ sinh móng|sơn gel,350000,92333
43519,Vệ sinh móng|sơn gel,350000,85277
43517,Vệ sinh móng|sơn gel,350000,85517
43509,Vệ sinh móng|sơn gel,350000,61050
43515,Vệ sinh móng|sơn gel,350000,80855
43499,Vệ sinh móng|sơn gel,350000,91111
43515,Vệ sinh móng|sơn gel,350000,24537
43499,Vệ sinh móng|sơn gel,350000,18367
43497,Vệ sinh móng|sơn gel,350000,11926
43516,Vệ sinh móng|sơn gel,350000,3679
43511,Vệ sinh móng|sơn gel,350000,52659
43508,Cạo mặt,50000,45533
43507,Cạo mặt,50000,82691
43518,Cạo mặt,50000,18470
43507,Cạo mặt,50000,51277
43516,Cạo mặt,50000,99238
43518,Cạo mặt,50000,53378
43497,Cạo mặt,50000,61430
43520,Cạo mặt,50000,69927
43500,Cạo mặt,50000,38679
43513,Cạo mặt,50000,86776
43523,Cạo mặt,50000,11097
43518,Cạo mặt,50000,63042
43509,Cạo mặt,50000,31142
43513,Cạo mặt,50000,40378
43524,Cạo mặt,50000,82612
43524,Cạo mặt,50000,7386
43524,Cạo mặt,50000,67344
43497,Cạo mặt,50000,44610
43512,Cạo mặt,50000,56186
43506,Cạo mặt,50000,47895
43516,Cạo mặt,50000,76872
43524,Cạo mặt,50000,87358
43500,Cạo mặt,50000,62865
43523,Cạo mặt,50000,34337
43513,Cạo mặt,50000,8024
43521,Cạo mặt,50000,26973
43505,Cạo mặt,50000,27735
43508,Cạo mặt,50000,2982
43522,Cạo mặt,50000,7968
43524,Cạo mặt,50000,65120
43511,Cạo mặt,50000,57601
43498,Cạo mặt,50000,98850
43523,Cạo mặt,50000,84234
43513,Cạo mặt,50000,16097
43523,Cạo mặt,50000,70175
43500,Cạo mặt,50000,36244
43522,Cạo mặt,50000,62151
43523,Cạo mặt,50000,57770
43521,Cạo mặt,50000,95187
43518,Cạo mặt,50000,12299
43515,Cạo mặt,50000,25893
43497,Cạo mặt,50000,33279
43513,Cạo mặt,50000,65535
43498,Cạo mặt,50000,44906
43511,Cạo mặt,50000,96025
43511,Cạo mặt,50000,76207
43514,Cạo mặt,50000,98433
43497,Cạo mặt,50000,18686
43521,Cạo mặt,50000,62657
43522,Cạo mặt,50000,54420
43499,Cạo mặt,50000,38687
43516,Cạo mặt,50000,55005
43524,Cạo mặt,50000,87102
43497,Cạo mặt,50000,44951
43511,Cạo mặt,50000,95696
43511,Đắp mặt nạ sữa chua,55000,13938
43509,Đắp mặt nạ sữa chua,55000,42556
43506,Đắp mặt nạ sữa chua,55000,81706
43522,Đắp mặt nạ sữa chua,55000,30655
43512,Đắp mặt nạ sữa chua,55000,95816
43507,Đắp mặt nạ sữa chua,55000,30865
43523,Đắp mặt nạ sữa chua,55000,54628
43521,Đắp mặt nạ sữa chua,55000,45594
43498,Đắp mặt nạ sữa chua,55000,92308
43507,Đắp mặt nạ sữa chua,55000,34868
43512,Đắp mặt nạ sữa chua,55000,45986
43498,Đắp mặt nạ sữa chua,55000,59224
43513,Đắp mặt nạ sữa chua,55000,887
43508,Đắp mặt nạ sữa chua,55000,522
43524,Đắp mặt nạ sữa chua,55000,14198
43520,Đắp mặt nạ sữa chua,55000,27951
43499,Đắp mặt nạ sữa chua,55000,12933
43510,Đắp mặt nạ sữa chua,55000,59837
43517,Đắp mặt nạ sữa chua,55000,383
43506,Đắp mặt nạ sữa chua,55000,68384
43500,Đắp mặt nạ sữa chua,55000,40177
43522,Đắp mặt nạ sữa chua,55000,74135
43508,Đắp mặt nạ sữa chua,55000,79956
43508,Đắp mặt nạ sữa chua,55000,5747
43521,Đắp mặt nạ đậu đỏ,55000,17397
43499,Đắp mặt nạ đậu đỏ,55000,89787
43506,Đắp mặt nạ đậu đỏ,55000,19700
43522,Đắp mặt nạ đậu đỏ,55000,43699
43499,Đắp mặt nạ đậu đỏ,55000,26584
43524,Đắp mặt nạ đậu đỏ,55000,1367
43499,Đắp mặt nạ đậu đỏ,55000,96140
43516,Đắp mặt nạ đậu đỏ,55000,98600
43506,Đắp mặt nạ đậu đỏ,55000,35575
43520,Đắp mặt nạ đậu đỏ,55000,78799
43521,Đắp mặt nạ đậu đỏ,55000,27855
43500,Đắp mặt nạ đậu đỏ,55000,57777
43509,Đắp mặt nạ đậu đỏ,55000,51299
43512,Đắp mặt nạ đậu đỏ,55000,67901
43499,Đắp mặt nạ đậu đỏ,55000,67540
43511,Đắp mặt nạ đậu đỏ,55000,70508
43516,Đắp mặt nạ đậu đỏ,55000,8312
43518,Đắp mặt nạ đậu đỏ,55000,39927
43515,Đắp mặt nạ đậu đỏ,55000,91802
43520,Đắp mặt nạ đậu đỏ,55000,61498
43508,Đắp mặt nạ đậu đỏ,55000,86283
43517,Đắp mặt nạ dưa leo,40000,33913
43511,Đắp mặt nạ dưa leo,40000,63836
43524,Đắp mặt nạ dưa leo,40000,87237
43520,Đắp mặt nạ dưa leo,40000,31482
43507,Đắp mặt nạ dưa leo,40000,95989
43509,Đắp mặt nạ dưa leo,40000,77120
43523,Đắp mặt nạ dưa leo,40000,79256
43519,Đắp mặt nạ dưa leo,40000,77055
43518,Đắp mặt nạ dưa leo,40000,6805
43520,Đắp mặt nạ dưa leo,40000,63325
43521,Đắp mặt nạ dưa leo,40000,95268
43514,Đắp mặt nạ dưa leo,40000,20214
43522,Đắp mặt nạ dưa leo,40000,7395
43509,Đắp mặt nạ dưa leo,40000,51112
43514,Đắp mặt nạ dưa leo,40000,70126
43515,Đắp mặt nạ dưa leo,40000,69245
43505,Đắp mặt nạ dưa leo,40000,75485
43506,Đắp mặt nạ dưa leo,40000,19296
43522,Đắp mặt nạ dưa leo,40000,31423
43512,Đắp mặt nạ dưa leo,40000,79109
43514,Đắp mặt nạ dưa leo,40000,16841
43498,Đắp mặt nạ dưa leo,40000,54433
43515,Đắp mặt nạ dưa leo,40000,56863
43512,Đắp mặt nạ dưa leo,40000,99594
43517,Đắp mặt nạ dưa leo,40000,84998
43517,Đắp mặt nạ dưa leo,40000,26805
43515,Đắp mặt nạ dưa leo,40000,80013
43500,Đắp mặt nạ dưa leo,40000,12379
43507,Đắp mặt nạ khoai tây,45000,8638
43520,Đắp mặt nạ khoai tây,45000,27398
43523,Đắp mặt nạ khoai tây,45000,70503
43512,Đắp mặt nạ khoai tây,45000,14666
43520,Đắp mặt nạ khoai tây,45000,18762
43518,Đắp mặt nạ khoai tây,45000,49333
43508,Đắp mặt nạ khoai tây,45000,61673
43517,Đắp mặt nạ khoai tây,45000,1196
43515,Đắp mặt nạ khoai tây,45000,96132
43519,Đắp mặt nạ khoai tây,45000,31117
43508,Đắp mặt nạ khoai tây,45000,51357
43510,Đắp mặt nạ khoai tây,45000,67570
43515,Đắp mặt nạ khoai tây,45000,91772
43524,Đắp mặt nạ khoai tây,45000,64259
43514,Đắp mặt nạ khoai tây,45000,3408
43517,Đắp mặt nạ khoai tây,45000,20320
43513,Đắp mặt nạ khoai tây,45000,71450
43521,Đắp mặt nạ khoai tây,45000,34219
43517,Đắp mặt nạ khoai tây,45000,23160
43508,Đắp mặt nạ khoai tây,45000,43344
43516,Đắp mặt nạ khoai tây,45000,72188
43508,Đắp mặt nạ khoai tây,45000,80622
43505,Đắp mặt nạ khoai tây,45000,51510
43497,Đắp mặt nạ khoai tây,45000,62462
43511,Đắp mặt nạ khoai tây,45000,89006
43500,Đắp mặt nạ khoai tây,45000,3415
43510,Đắp mặt nạ Hàn Quốc,150000,26163
43510,Đắp mặt nạ Hàn Quốc,150000,14877
43498,Đắp mặt nạ Hàn Quốc,150000,35956
43516,Đắp mặt nạ Hàn Quốc,150000,51147
43509,Đắp mặt nạ Hàn Quốc,150000,24353
43498,Đắp mặt nạ Hàn Quốc,150000,24826
43507,Đắp mặt nạ Hàn Quốc,150000,85453
43513,Đắp mặt nạ Hàn Quốc,150000,84896
43514,Đắp mặt nạ Hàn Quốc,150000,79662
43512,Đắp mặt nạ Hàn Quốc,150000,68024
43508,Đắp mặt nạ Hàn Quốc,150000,78424
43517,Đắp mặt nạ Hàn Quốc,150000,23009
43522,Đắp mặt nạ Hàn Quốc,150000,15708
43519,Đắp mặt nạ Hàn Quốc,150000,44144
43514,Đắp mặt nạ Hàn Quốc,150000,14265
43497,Đắp mặt nạ Hàn Quốc,150000,77045
43508,Đắp mặt nạ Hàn Quốc,150000,240
43515,Đắp mặt nạ Hàn Quốc,150000,66893
43500,Đắp mặt nạ Hàn Quốc,150000,59228
43515,Đắp mặt nạ Hàn Quốc,150000,22784
43516,Đắp mặt nạ Hàn Quốc,150000,48305
43509,Đắp mặt nạ Hàn Quốc,150000,81785
43519,Đắp mặt nạ Hàn Quốc,150000,12189
43500,Đắp mặt nạ Hàn Quốc,150000,71808
43499,Đắp mặt nạ Hàn Quốc,150000,84053
43505,Đắp mặt nạ Hàn Quốc,150000,25199
43500,Đắp mặt nạ Hàn Quốc,150000,28442
43512,Đắp mặt nạ Hàn Quốc,150000,51590
43511,Đắp mặt nạ Hàn Quốc,150000,59280
43524,Đắp mặt nạ Hàn Quốc,150000,8698
43517,Đắp mặt nạ Hàn Quốc,150000,74948
43507,Đắp mặt nạ Hàn Quốc,150000,93852
43509,Đắp mặt nạ Hàn Quốc,150000,50517
43519,Đắp mặt nạ Hàn Quốc,150000,5525
43518,Đắp mặt nạ Hàn Quốc,150000,43165
43512,Đắp mặt nạ Hàn Quốc,150000,68941
43521,Đắp mặt nạ Hàn Quốc,150000,85592
43510,Đắp mặt nạ Hàn Quốc,150000,14446
43506,Đắp mặt nạ Hàn Quốc,150000,18732
43505,Đắp mặt nạ Hàn Quốc,150000,78979
43512,Đắp mặt nạ Hàn Quốc,150000,62839
43511,Đắp mặt nạ Hàn Quốc,150000,14956
43498,Đắp mặt nạ Hàn Quốc,150000,82729
43511,Đắp mặt nạ Hàn Quốc,150000,96568
43500,Đắp mặt nạ Hàn Quốc,150000,19092
43512,Đắp mặt nạ Hàn Quốc,150000,50937
43511,Đắp mặt nạ Hàn Quốc,150000,39906
43517,Đắp mặt nạ Hàn Quốc,150000,17076
43519,Đắp mặt nạ Hàn Quốc,150000,67595
43512,Đắp mặt nạ Hàn Quốc,150000,51338
43510,Đắp mặt nạ Hàn Quốc,150000,6115
43512,Đắp mặt nạ Hàn Quốc,150000,38976
43510,Đắp mặt nạ Hàn Quốc,150000,78237
43512,Đắp mặt nạ Hàn Quốc,150000,31465
43498,Đắp mặt nạ Hàn Quốc,150000,21013
